"Id","Success","Created","Error"
"01t410000014pLBAAY","true","true",""
"01t410000014pLCAAY","true","true",""
"01t410000014pLDAAY","true","true",""
"01t410000014pLEAAY","true","true",""
"01t410000014pLFAAY","true","true",""
"01t410000014pLGAAY","true","true",""
"01t410000014pLHAAY","true","true",""
"01t410000014pLIAAY","true","true",""
"01t410000014pLJAAY","true","true",""
"01t410000014pLKAAY","true","true",""
"01t410000014pLLAAY","true","true",""
"01t410000014pLMAAY","true","true",""
"01t410000014pLNAAY","true","true",""
"01t410000014pLOAAY","true","true",""
"01t410000014pLPAAY","true","true",""
"01t410000014pLQAAY","true","true",""
"01t410000014pLRAAY","true","true",""
"01t410000014pLSAAY","true","true",""
"01t410000014pLTAAY","true","true",""
